"Path","Bytes"
".chrome-web-test\optimization_guide_model_store\43\E6DC4029A1E4B4C1\F2FD704E2EFEE5EE\model.tflite","36778224"
".chrome-web-test\Default\Extensions\kdpelmjpfafjppnhbloffcjpeomlnpah\1.0.0.61_0\assets\idx.index.801c5b07.js","10870255"
".edge-preview-test\component_crx_cache\29abb3240ec661026b6da3f38b27f9e654667d4c5165bb5aac1742bf920b5add","12966138"
".dart_tool\hooks_runner\objective_c\b869775a88\hook.dill","11226336"
".dart_tool\hooks_runner\objective_c\8e04c28b44\hook.dill","11226336"
".dart_tool\hooks_runner\objective_c\337ce265dc\hook.dill","11226336"
".dart_tool\flutter_build\b80b51c35645ac0cd51ddfee48b6d75d\app.dill","83909304"
".dart_tool\flutter_build\b7d58e2038fd4a9f2a02c29cb34ac07e\app.dill","72350536"
".edge-preview-test\Default\Extensions\mjdgandcagmikhlbjnilkmfnjeamfikk\1.0.0.53_0\assets\idx.index.74755c17.js","10870255"
"build\app\outputs\flutter-apk\app-debug.apk","162444097"
"build\app\outputs\apk\debug\app-debug.apk","162444097"
"build\app\intermediates\stripped_native_libs\debug\stripDebugDebugSymbols\out\lib\arm64-v8a\libVkLayer_khronos_validation.so","15240080"
"build\app\intermediates\stripped_native_libs\debug\stripDebugDebugSymbols\out\lib\arm64-v8a\libflutter.so","38828704"
"build\test_cache\build\ca9abce93a82cd976a846b885435453b.cache.dill.track.dill","59395256"
"build\test_cache\build\58edeac6cf4240aff2768e2df035052b.cache.dill.track.dill","59420840"
".widget_preview\build\471e67e273aac2e3e05542afef95ef7f.cache.dill.track.dill","101717208"
"build\app\intermediates\assets\debug\mergeDebugAssets\flutter_assets\kernel_blob.bin","83909304"
"build\app\intermediates\assets\debug\mergeDebugAssets\flutter_assets\isolate_snapshot_data","11647016"
"build\app\intermediates\compressed_assets\debug\compressDebugAssets\out\assets\flutter_assets\kernel_blob.bin.jar","27191672"
".widget_preview\.dart_tool\hooks_runner\objective_c\337ce265dc\hook.dill","11229416"
"build\app\intermediates\flutter\debug\flutter_assets\kernel_blob.bin","83909304"
"build\app\intermediates\flutter\debug\flutter_assets\isolate_snapshot_data","11647016"
"build\app\intermediates\dex\debug\mergeExtDexDebug\classes.dex","10973308"
"build\app\intermediates\merged_native_libs\debug\mergeDebugNativeLibs\out\lib\arm64-v8a\libVkLayer_khronos_validation.so","248644248"
"build\app\intermediates\merged_native_libs\debug\mergeDebugNativeLibs\out\lib\arm64-v8a\libflutter.so","395316440"
"build\f2c3ca783ae564b27fff9ff4ff3301e4.cache.dill.track.dill","83909304"
"build\b2af6c10022913283261dfe9591fbe59.cache.dill.track.dill","58097208"
