"Before","After","Bytes"
"lib/main.dart","frontend/customer_app/lib/main.dart","2104"
"lib/app/app_controller.dart","frontend/customer_app/lib/app/app_controller.dart","12251"
"lib/app/app_shell.dart","frontend/customer_app/lib/app/app_shell.dart","3700"
"lib/app/app_theme.dart","frontend/customer_app/lib/app/app_theme.dart","8276"
"lib/app/navigation.dart","frontend/customer_app/lib/app/navigation.dart","108"
"lib/app/user_session.dart","frontend/customer_app/lib/app/user_session.dart","818"
"lib/previews/app_previews.dart","frontend/customer_app/lib/previews/app_previews.dart","472"
"lib/screens/account_screen.dart","frontend/customer_app/lib/screens/account_screen.dart","19177"
"lib/screens/customer_saved_addresses_screen.dart","frontend/customer_app/lib/screens/customer_saved_addresses_screen.dart","20373"
"lib/screens/customer_vehicles_screen.dart","frontend/customer_app/lib/screens/customer_vehicles_screen.dart","17271"
"lib/screens/history_details_screen.dart","frontend/customer_app/lib/screens/history_details_screen.dart","10545"
"lib/screens/history_screen.dart","frontend/customer_app/lib/screens/history_screen.dart","25347"
"lib/screens/home_screen.dart","frontend/customer_app/lib/screens/home_screen.dart","19088"
"lib/screens/login_screen.dart","frontend/customer_app/lib/screens/login_screen.dart","24442"
"lib/screens/new_account_screen.dart","frontend/customer_app/lib/screens/new_account_screen.dart","4024"
"lib/screens/new_auth_screen.dart","frontend/customer_app/lib/screens/new_auth_screen.dart","10981"
"lib/screens/new_history_screen.dart","frontend/customer_app/lib/screens/new_history_screen.dart","7438"
"lib/screens/new_home_screen.dart","frontend/customer_app/lib/screens/new_home_screen.dart","7700"
"lib/screens/new_request_screen.dart","frontend/customer_app/lib/screens/new_request_screen.dart","39294"
"lib/screens/new_tracking_screen.dart","frontend/customer_app/lib/screens/new_tracking_screen.dart","12071"
"lib/screens/payment_screen.dart","frontend/customer_app/lib/screens/payment_screen.dart","14085"
"lib/screens/provider_list_screen.dart","frontend/customer_app/lib/screens/provider_list_screen.dart","21116"
"lib/screens/request_form_screen.dart","frontend/customer_app/lib/screens/request_form_screen.dart","24812"
"lib/screens/tracking_screen.dart","frontend/customer_app/lib/screens/tracking_screen.dart","22269"
"lib/services/customer_profile_service.dart","frontend/customer_app/lib/services/customer_profile_service.dart","4901"
"lib/services/customer_request_review_service.dart","frontend/customer_app/lib/services/customer_request_review_service.dart","3836"
"lib/services/customer_saved_address_service.dart","frontend/customer_app/lib/services/customer_saved_address_service.dart","5753"
"lib/services/customer_vehicle_service.dart","frontend/customer_app/lib/services/customer_vehicle_service.dart","5443"
"lib/services/location_service.dart","frontend/customer_app/lib/services/location_service.dart","4541"
"lib/services/request_debug_log.dart","frontend/customer_app/lib/services/request_debug_log.dart","4699"
"lib/services/request_details_service.dart","frontend/customer_app/lib/services/request_details_service.dart","2165"
"lib/services/request_photo_service.dart","frontend/customer_app/lib/services/request_photo_service.dart","8207"
"lib/services/supabase_service.dart","frontend/customer_app/lib/services/supabase_service.dart","16142"
"lib/widgets/customer_profile_card.dart","frontend/customer_app/lib/widgets/customer_profile_card.dart","13144"
"lib/widgets/customer_request_review_card.dart","frontend/customer_app/lib/widgets/customer_request_review_card.dart","5580"
"lib/widgets/customer_ui.dart","frontend/customer_app/lib/widgets/customer_ui.dart","7152"
"lib/widgets/form_section.dart","frontend/customer_app/lib/widgets/form_section.dart","828"
"lib/widgets/request_location_card.dart","frontend/customer_app/lib/widgets/request_location_card.dart","1524"
"lib/widgets/request_photos_card.dart","frontend/customer_app/lib/widgets/request_photos_card.dart","5180"
"lib/widgets/request_timeline.dart","frontend/customer_app/lib/widgets/request_timeline.dart","3755"
"lib/widgets/rescue_location_map.dart","frontend/customer_app/lib/widgets/rescue_location_map.dart","8925"
"lib/widgets/rescue_widgets.dart","frontend/customer_app/lib/widgets/rescue_widgets.dart","12441"
"lib/widgets/saved_address_picker.dart","frontend/customer_app/lib/widgets/saved_address_picker.dart","4458"
"lib/widgets/saved_vehicle_picker.dart","frontend/customer_app/lib/widgets/saved_vehicle_picker.dart","5371"
"test/app_controller_test.dart","frontend/customer_app/test/app_controller_test.dart","1595"
"test/app_shell_test.dart","frontend/customer_app/test/app_shell_test.dart","809"
"test/customer_profile_card_test.dart","frontend/customer_app/test/customer_profile_card_test.dart","5519"
"test/customer_profile_repository_test.dart","frontend/customer_app/test/customer_profile_repository_test.dart","3870"
"test/customer_redesign_test.dart","frontend/customer_app/test/customer_redesign_test.dart","13342"
"test/customer_request_reviews_test.dart","frontend/customer_app/test/customer_request_reviews_test.dart","6483"
"test/customer_request_review_repository_test.dart","frontend/customer_app/test/customer_request_review_repository_test.dart","3734"
"test/customer_saved_addresses_test.dart","frontend/customer_app/test/customer_saved_addresses_test.dart","7373"
"test/customer_saved_address_repository_test.dart","frontend/customer_app/test/customer_saved_address_repository_test.dart","3930"
"test/customer_vehicles_test.dart","frontend/customer_app/test/customer_vehicles_test.dart","10941"
"test/customer_vehicle_repository_test.dart","frontend/customer_app/test/customer_vehicle_repository_test.dart","5358"
"test/flutter_test_config.dart","frontend/customer_app/test/flutter_test_config.dart","601"
"test/history_details_test.dart","frontend/customer_app/test/history_details_test.dart","4645"
"test/location_service_test.dart","frontend/customer_app/test/location_service_test.dart","5468"
"test/mobile_ui_test.dart","frontend/customer_app/test/mobile_ui_test.dart","11379"
"test/request_address_validation_test.dart","frontend/customer_app/test/request_address_validation_test.dart","11364"
"test/request_debug_log_test.dart","frontend/customer_app/test/request_debug_log_test.dart","8036"
"test/request_details_repository_test.dart","frontend/customer_app/test/request_details_repository_test.dart","2027"
"test/request_failure_test.dart","frontend/customer_app/test/request_failure_test.dart","3634"
"test/request_location_test.dart","frontend/customer_app/test/request_location_test.dart","7194"
"test/request_photos_test.dart","frontend/customer_app/test/request_photos_test.dart","10559"
"test/request_photo_repository_test.dart","frontend/customer_app/test/request_photo_repository_test.dart","6014"
"test/rescue_location_map_test.dart","frontend/customer_app/test/rescue_location_map_test.dart","7475"
"test/tracking_test.dart","frontend/customer_app/test/tracking_test.dart","9730"
"android/.gitignore","frontend/customer_app/android/.gitignore","267"
"android/build.gradle.kts","frontend/customer_app/android/build.gradle.kts","561"
"android/cuu_ho_247_android.iml","frontend/customer_app/android/cuu_ho_247_android.iml","1630"
"android/gradle.properties","frontend/customer_app/android/gradle.properties","306"
"android/gradlew","frontend/customer_app/android/gradlew","4971"
"android/gradlew.bat","frontend/customer_app/android/gradlew.bat","2404"
"android/local.properties","frontend/customer_app/android/local.properties","147"
"android/settings.gradle.kts","frontend/customer_app/android/settings.gradle.kts","796"
"android/app/build.gradle.kts","frontend/customer_app/android/app/build.gradle.kts","1819"
"android/app/src/debug/AndroidManifest.xml","frontend/customer_app/android/app/src/debug/AndroidManifest.xml","385"
"android/app/src/main/AndroidManifest.xml","frontend/customer_app/android/app/src/main/AndroidManifest.xml","2472"
"android/app/src/main/java/io/flutter/plugins/GeneratedPluginRegistrant.java","frontend/customer_app/android/app/src/main/java/io/flutter/plugins/GeneratedPluginRegistrant.java","2856"
"android/app/src/main/kotlin/vn/cuuho247/cuu_ho_247/MainActivity.kt","frontend/customer_app/android/app/src/main/kotlin/vn/cuuho247/cuu_ho_247/MainActivity.kt","129"
"android/app/src/main/res/drawable/launch_background.xml","frontend/customer_app/android/app/src/main/res/drawable/launch_background.xml","446"
"android/app/src/main/res/drawable-v21/launch_background.xml","frontend/customer_app/android/app/src/main/res/drawable-v21/launch_background.xml","450"
"android/app/src/main/res/mipmap-hdpi/ic_launcher.png","frontend/customer_app/android/app/src/main/res/mipmap-hdpi/ic_launcher.png","544"
"android/app/src/main/res/mipmap-mdpi/ic_launcher.png","frontend/customer_app/android/app/src/main/res/mipmap-mdpi/ic_launcher.png","442"
"android/app/src/main/res/mipmap-xhdpi/ic_launcher.png","frontend/customer_app/android/app/src/main/res/mipmap-xhdpi/ic_launcher.png","721"
"android/app/src/main/res/mipmap-xxhdpi/ic_launcher.png","frontend/customer_app/android/app/src/main/res/mipmap-xxhdpi/ic_launcher.png","1031"
"android/app/src/main/res/mipmap-xxxhdpi/ic_launcher.png","frontend/customer_app/android/app/src/main/res/mipmap-xxxhdpi/ic_launcher.png","1443"
"android/app/src/main/res/values/styles.xml","frontend/customer_app/android/app/src/main/res/values/styles.xml","1014"
"android/app/src/main/res/values-night/styles.xml","frontend/customer_app/android/app/src/main/res/values-night/styles.xml","1013"
"android/app/src/profile/AndroidManifest.xml","frontend/customer_app/android/app/src/profile/AndroidManifest.xml","385"
"android/gradle/wrapper/gradle-wrapper.jar","frontend/customer_app/android/gradle/wrapper/gradle-wrapper.jar","53636"
"android/gradle/wrapper/gradle-wrapper.properties","frontend/customer_app/android/gradle/wrapper/gradle-wrapper.properties","256"
"web/index.html","frontend/customer_app/web/index.html","652"
"web/manifest.json","frontend/customer_app/web/manifest.json","344"
"config/backend-tests.example.json","frontend/customer_app/config/backend-tests.example.json","77"
"config/supabase.dev.json","frontend/customer_app/config/supabase.dev.json","144"
"config/supabase.example.json","frontend/customer_app/config/supabase.example.json","122"
"pubspec.yaml","frontend/customer_app/pubspec.yaml","601"
"pubspec.lock","frontend/customer_app/pubspec.lock","32579"
".idea/.gitignore","frontend/customer_app/.idea/.gitignore","50"
".idea/deviceManager.xml","frontend/customer_app/.idea/deviceManager.xml","363"
".idea/flutter_app.iml","frontend/customer_app/.idea/flutter_app.iml","1210"
".idea/markdown.xml","frontend/customer_app/.idea/markdown.xml","314"
".idea/misc.xml","frontend/customer_app/.idea/misc.xml","280"
".idea/modules.xml","frontend/customer_app/.idea/modules.xml","281"
".idea/vcs.xml","frontend/customer_app/.idea/vcs.xml","241"
".idea/workspace.xml","frontend/customer_app/.idea/workspace.xml","2998"
".idea/libraries/Dart_Packages.xml","frontend/customer_app/.idea/libraries/Dart_Packages.xml","38559"
".idea/libraries/Dart_SDK.xml","frontend/customer_app/.idea/libraries/Dart_SDK.xml","2266"
".idea/libraries/Flutter_Plugins.xml","frontend/customer_app/.idea/libraries/Flutter_Plugins.xml","2193"
"vercel.json","frontend/customer_app/vercel.json","341"
"tool/verify_backend.dart","frontend/customer_app/tool/verify_backend.dart","12527"
"tool/check_photo_policies.mjs","tools/check_photo_policies.mjs","6586"
".tmp_web_server.dart","frontend/customer_app/tool/preview_web_server.dart","1060"
"supabase/migrations/202609300001_initial_customer_rescue.sql","backend/supabase/migrations/202609300001_initial_customer_rescue.sql","11272"
"supabase/migrations/202610010001_customer_tracking.sql","backend/supabase/migrations/202610010001_customer_tracking.sql","8821"
"supabase/migrations/202610010002_customer_request_photos.sql","backend/supabase/migrations/202610010002_customer_request_photos.sql","7488"
"supabase/migrations/202610010003_customer_vehicles.sql","backend/supabase/migrations/202610010003_customer_vehicles.sql","4937"
"supabase/migrations/202610010004_customer_saved_addresses.sql","backend/supabase/migrations/202610010004_customer_saved_addresses.sql","2948"
"supabase/migrations/202610010005_customer_request_reviews.sql","backend/supabase/migrations/202610010005_customer_request_reviews.sql","4411"
"supabase/inspect_dev.sql","backend/supabase/tests/inspect_dev.sql","1842"
"supabase/dev_advance_request.sql","backend/supabase/tests/dev_advance_request.sql","1022"
"DANH_GIA_FE_CUUHO247.md","docs/customer/DANH_GIA_FE_CUUHO247.md","33030"
"P0_CUSTOMER_TRACKING.md","docs/customer/P0_CUSTOMER_TRACKING.md","8147"
"P1_CUSTOMER_LOCATION.md","docs/customer/P1_CUSTOMER_LOCATION.md","8921"
"P1_CUSTOMER_MAP.md","docs/customer/P1_CUSTOMER_MAP.md","6892"
"P1_CUSTOMER_PHOTOS.md","docs/customer/P1_CUSTOMER_PHOTOS.md","12338"
"P1_CUSTOMER_REQUEST_REVIEWS.md","docs/customer/P1_CUSTOMER_REQUEST_REVIEWS.md","6567"
"P1_CUSTOMER_SAVED_ADDRESSES.md","docs/customer/P1_CUSTOMER_SAVED_ADDRESSES.md","5416"
"P1_CUSTOMER_VEHICLES.md","docs/customer/P1_CUSTOMER_VEHICLES.md","4926"
"UI_UX_MOBILE_REPORT.md","docs/customer/UI_UX_MOBILE_REPORT.md","8808"
"docs/customer-ui-redesign.md","docs/customer/customer-ui-redesign.md","9495"
"SUPABASE_SETUP.md","docs/backend/SUPABASE_SETUP.md","9392"
"KIEM_THU_GIAI_DOAN_1.md","docs/backend/KIEM_THU_GIAI_DOAN_1.md","11045"
"widget_preview_capture.png","frontend/customer_app/build/legacy-preview/widget_preview_capture.png","5289"
"widget_preview_capture_2.png","frontend/customer_app/build/legacy-preview/widget_preview_capture_2.png","5289"
"widget_preview_chrome.png","frontend/customer_app/build/legacy-preview/widget_preview_chrome.png","5289"
